{"Index": "N100", "Date": "2016-07-13", "Open": 859.719971, "High": 864.710022, "Low": 858.549988, "Close": 860.530029, "Adj Close": 860.530029, "Volume": 232004300.0, "CloseUSD": 1049.84663538}